{
	"$schema": "https://schema.management.azure.com/schemas/2015-01-01/deploymentParameters.json#",
	"contentVersion": "1.0.0.0",
	"parameters": {
		"factoryName": {
			"value": "solution01"
		},
		"AzureBlobStorage1_connectionString": {
			"value": ""
		},
		"AzureDataLakeStorage1_accountKey": {
			"value": ""
		},
		"AzureDataLakeStorage2_accountKey": {
			"value": ""
		},
		"AzureSqlDatabase1_connectionString": {
			"value": ""
		},
		"AzureSqlDatabase2_connectionString": {
			"value": ""
		},
		"AzureTableStorage1_connectionString": {
			"value": ""
		},
		"Challenge02LS_accountKey": {
			"value": ""
		},
		"CosmosDb1_connectionString": {
			"value": ""
		},
		"SqlServerVM_connectionString": {
			"value": ""
		},
		"AzureDataLakeStorage1_properties_typeProperties_url": {
			"value": "https://datalaketeam03.dfs.core.windows.net/"
		},
		"AzureDataLakeStorage2_properties_typeProperties_url": {
			"value": "https://datalaketeam03.dfs.core.windows.net/"
		},
		"Challenge02LS_properties_typeProperties_url": {
			"value": "https://datalaketeam03.dfs.core.windows.net/"
		},
		"HttpServer1_properties_typeProperties_url": {
			"value": "https://static.nhtsa.gov/"
		}
	}
}