{
	"name": "dfCases",
	"properties": {
		"type": "MappingDataFlow",
		"typeProperties": {
			"sources": [
				{
					"dataset": {
						"referenceName": "VMCases",
						"type": "DatasetReference"
					},
					"name": "SQLVMCases"
				},
				{
					"dataset": {
						"referenceName": "CasesAzure",
						"type": "DatasetReference"
					},
					"name": "ASQLCases"
				}
			],
			"sinks": [
				{
					"dataset": {
						"referenceName": "destCases",
						"type": "DatasetReference"
					},
					"name": "destCases"
				}
			],
			"transformations": [
				{
					"name": "union1"
				}
			],
			"scriptLines": [
				"source(output(",
				"          ID as integer,",
				"          Updated as date,",
				"          Confirmed as integer,",
				"          Confirmed_Change as integer,",
				"          Deaths as integer,",
				"          Deaths_Change as integer,",
				"          Recovered as integer,",
				"          Recovered_Change as integer,",
				"          Latitude as decimal(10,5),",
				"          Longitude as decimal(10,5),",
				"          ISO2 as string,",
				"          ISO3 as string,",
				"          Country_Region as string,",
				"          load_time as timestamp",
				"     ),",
				"     allowSchemaDrift: true,",
				"     validateSchema: false,",
				"     ignoreNoFilesFound: false,",
				"     format: 'parquet') ~> SQLVMCases",
				"source(output(",
				"          ID as integer,",
				"          Updated as date,",
				"          Confirmed as integer,",
				"          Confirmed_Change as integer,",
				"          Deaths as integer,",
				"          Deaths_Change as integer,",
				"          Recovered as integer,",
				"          Recovered_Change as integer,",
				"          Latitude as decimal(10,5),",
				"          Longitude as decimal(10,5),",
				"          ISO2 as string,",
				"          ISO3 as string,",
				"          Country_Region as string,",
				"          load_time as timestamp",
				"     ),",
				"     allowSchemaDrift: true,",
				"     validateSchema: false,",
				"     ignoreNoFilesFound: false,",
				"     format: 'parquet') ~> ASQLCases",
				"SQLVMCases, ASQLCases union(byName: true)~> union1",
				"union1 sink(allowSchemaDrift: true,",
				"     validateSchema: false,",
				"     format: 'parquet',",
				"     partitionFileNames:['destCases.parquet'],",
				"     umask: 0022,",
				"     preCommands: [],",
				"     postCommands: [],",
				"     skipDuplicateMapInputs: true,",
				"     skipDuplicateMapOutputs: true,",
				"     partitionBy('hash', 1)) ~> destCases"
			]
		}
	}
}