{
	"name": "dfPolicies",
	"properties": {
		"type": "MappingDataFlow",
		"typeProperties": {
			"sources": [
				{
					"dataset": {
						"referenceName": "Policies",
						"type": "DatasetReference"
					},
					"name": "Policies"
				}
			],
			"sinks": [
				{
					"dataset": {
						"referenceName": "destPoliciesParquet",
						"type": "DatasetReference"
					},
					"name": "destPolicies"
				}
			],
			"transformations": [],
			"scriptLines": [
				"source(output(",
				"          CountryName as string,",
				"          CountryCode as string,",
				"          RegionName as string,",
				"          RegionCode as string,",
				"          Jurisdiction as string,",
				"          Date as date,",
				"          {C1_School closing} as integer,",
				"          C1_Flag as integer,",
				"          {C2_Workplace closing} as integer,",
				"          C2_Flag as integer,",
				"          {C3_Cancel public events} as integer,",
				"          C3_Flag as integer,",
				"          {C4_Restrictions on gatherings} as integer,",
				"          C4_Flag as integer,",
				"          {C5_Close public transport} as integer,",
				"          C5_Flag as integer,",
				"          {C6_Stay at home requirements} as integer,",
				"          C6_Flag as integer,",
				"          {C7_Restrictions on internal movement} as integer,",
				"          C7_Flag as integer,",
				"          {C8_International travel controls} as integer,",
				"          {E1_Income support} as integer,",
				"          E1_Flag as integer,",
				"          {E2_Debt contract relief} as integer,",
				"          {E3_Fiscal measures} as integer,",
				"          {E4_International support} as integer,",
				"          {H1_Public information campaigns} as integer,",
				"          H1_Flag as integer,",
				"          {H2_Testing policy} as integer,",
				"          {H3_Contact tracing} as integer,",
				"          {H4_Emergency investment in healthcare} as integer,",
				"          {H5_Investment in vaccines} as integer,",
				"          {H6_Facial Coverings} as integer,",
				"          H6_Flag as integer,",
				"          {H7_Vaccination policy} as integer,",
				"          H7_Flag as integer,",
				"          {H8_Protection of elderly people} as integer,",
				"          H8_Flag as integer,",
				"          M1_Wildcard as integer,",
				"          StringencyIndex as integer,",
				"          StringencyIndexForDisplay as integer,",
				"          StringencyLegacyIndex as integer,",
				"          StringencyLegacyIndexForDisplay as integer,",
				"          GovernmentResponseIndex as integer,",
				"          GovernmentResponseIndexForDisplay as integer,",
				"          ContainmentHealthIndex as integer,",
				"          ContainmentHealthIndexForDisplay as integer,",
				"          EconomicSupportIndex as integer,",
				"          EconomicSupportIndexForDisplay as integer,",
				"          id as string,",
				"          {_rid} as string,",
				"          {_self} as string,",
				"          {_etag} as string,",
				"          {_attachments} as string,",
				"          {_ts} as integer",
				"     ),",
				"     allowSchemaDrift: true,",
				"     validateSchema: false,",
				"     ignoreNoFilesFound: false,",
				"     documentForm: 'documentPerLine') ~> Policies",
				"Policies sink(allowSchemaDrift: true,",
				"     validateSchema: false,",
				"     format: 'parquet',",
				"     partitionFileNames:['destPolicies.parquet'],",
				"     umask: 0022,",
				"     preCommands: [],",
				"     postCommands: [],",
				"     skipDuplicateMapInputs: true,",
				"     skipDuplicateMapOutputs: true,",
				"     mapColumn(",
				"          CountryName,",
				"          CountryCode,",
				"          RegionName,",
				"          RegionCode,",
				"          Jurisdiction,",
				"          Date,",
				"          C1SchoolClosing = {C1_School closing},",
				"          C1Flag = C1_Flag,",
				"          C2WorkplaceClosing = {C2_Workplace closing},",
				"          C2Flag = C2_Flag,",
				"          C3CancelPublicEvents = {C3_Cancel public events},",
				"          C4RestrictionsOnGatherings = {C4_Restrictions on gatherings},",
				"          C4Flag = C4_Flag,",
				"          C5ClosePublicTransport = {C5_Close public transport},",
				"          C5Flag = C5_Flag,",
				"          C6StayAtHomeRequirements = {C6_Stay at home requirements},",
				"          C6Flag = C6_Flag,",
				"          C7RestrictionsOnInternalMovement = {C7_Restrictions on internal movement},",
				"          C7Flag = C7_Flag,",
				"          C8Internationaltravelcontrols = {C8_International travel controls},",
				"          E1IncomeSupport = {E1_Income support},",
				"          E1Flag = E1_Flag,",
				"          E2DebtContractRelief = {E2_Debt contract relief},",
				"          E3FiscalMeasures = {E3_Fiscal measures},",
				"          E4InternationalSupport = {E4_International support},",
				"          H1PublicInformationCampaigns = {H1_Public information campaigns},",
				"          H1Flag = H1_Flag,",
				"          H2TestingPolicy = {H2_Testing policy},",
				"          H3ContactTracing = {H3_Contact tracing},",
				"          H4EmergencyInvestmentHealthcare = {H4_Emergency investment in healthcare},",
				"          H5InvestmentInVaccines = {H5_Investment in vaccines},",
				"          H6FacialCoverings = {H6_Facial Coverings},",
				"          H6Flag = H6_Flag,",
				"          H7VaccinationPolicy = {H7_Vaccination policy},",
				"          H7Flag = H7_Flag,",
				"          H8ProtectionElderlyPeople = {H8_Protection of elderly people},",
				"          M1Wildcard = M1_Wildcard,",
				"          StringencyIndex,",
				"          StringencyLegacyIndexForDisplay = StringencyIndexForDisplay,",
				"          StringencyLegacyIndex,",
				"          StringencyLegacyIndexForDisplay,",
				"          GovernmentResponseIndex,",
				"          ContainmentHealthIndex,",
				"          ContainmentHealthIndexForDisplay,",
				"          EconomicSupportIndex,",
				"          EconomicSupportIndexForDisplay,",
				"          id,",
				"          rid = {_rid},",
				"          self = {_self},",
				"          etag = {_etag},",
				"          attachments = {_attachments},",
				"          ts = {_ts}",
				"     ),",
				"     partitionBy('hash', 1)) ~> destPolicies"
			]
		}
	}
}