{
	"name": "dfRecoveries",
	"properties": {
		"type": "MappingDataFlow",
		"typeProperties": {
			"sources": [
				{
					"dataset": {
						"referenceName": "MetricsC2",
						"type": "DatasetReference"
					},
					"name": "SQLVMRecoveries"
				},
				{
					"dataset": {
						"referenceName": "DeathspaquetC2ASQL",
						"type": "DatasetReference"
					},
					"name": "ASQLRecoveries"
				}
			],
			"sinks": [
				{
					"dataset": {
						"referenceName": "destRecoveries",
						"type": "DatasetReference"
					},
					"name": "destRecoveries",
					"description": "Export data to destDeaths"
				}
			],
			"transformations": [
				{
					"name": "union1"
				}
			],
			"scriptLines": [
				"source(output(",
				"          ID as integer,",
				"          Updated as date,",
				"          Confirmed as integer,",
				"          Confirmed_Change as integer,",
				"          Deaths as integer,",
				"          Deaths_Change as integer,",
				"          Recovered as integer,",
				"          Recovered_Change as integer,",
				"          Latitude as decimal(10,5),",
				"          Longitude as decimal(10,5),",
				"          ISO2 as string,",
				"          ISO3 as string,",
				"          Country_Region as string,",
				"          load_time as timestamp",
				"     ),",
				"     allowSchemaDrift: true,",
				"     validateSchema: false,",
				"     ignoreNoFilesFound: false,",
				"     format: 'parquet') ~> SQLVMRecoveries",
				"source(output(",
				"          ID as integer,",
				"          Updated as date,",
				"          Confirmed as integer,",
				"          Confirmed_Change as integer,",
				"          Deaths as integer,",
				"          Deaths_Change as integer,",
				"          Recovered as integer,",
				"          Recovered_Change as integer,",
				"          Latitude as decimal(10,5),",
				"          Longitude as decimal(10,5),",
				"          ISO2 as string,",
				"          ISO3 as string,",
				"          Country_Region as string,",
				"          load_time as timestamp",
				"     ),",
				"     allowSchemaDrift: true,",
				"     validateSchema: false,",
				"     ignoreNoFilesFound: false,",
				"     format: 'parquet') ~> ASQLRecoveries",
				"SQLVMRecoveries, ASQLRecoveries union(byName: true)~> union1",
				"union1 sink(allowSchemaDrift: true,",
				"     validateSchema: false,",
				"     format: 'parquet',",
				"     partitionFileNames:['destRecoveries.parquet'],",
				"     umask: 0022,",
				"     preCommands: [],",
				"     postCommands: [],",
				"     skipDuplicateMapInputs: true,",
				"     skipDuplicateMapOutputs: true,",
				"     partitionBy('hash', 1)) ~> destRecoveries"
			]
		}
	}
}