{
	"$schema": "http://schema.management.azure.com/schemas/2015-01-01/deploymentTemplate.json#",
	"contentVersion": "1.0.0.0",
	"parameters": {
		"factoryName": {
			"type": "string",
			"metadata": "Data Factory name",
			"defaultValue": "solution01"
		},
		"AzureDataLakeStorage1_accountKey": {
			"type": "secureString",
			"metadata": "Secure string for 'accountKey' of 'AzureDataLakeStorage1'"
		},
		"SqlServerVM_connectionString": {
			"type": "secureString",
			"metadata": "Secure string for 'connectionString' of 'SqlServerVM'"
		},
		"AzureDataLakeStorage1_properties_typeProperties_url": {
			"type": "string",
			"defaultValue": "https://datalaketeam03.dfs.core.windows.net/"
		}
	},
	"variables": {
		"factoryId": "[concat('Microsoft.DataFactory/factories/', parameters('factoryName'))]"
	},
	"resources": [
		{
			"name": "[concat(parameters('factoryName'), '/MetricsC2')]",
			"type": "Microsoft.DataFactory/factories/datasets",
			"apiVersion": "2018-06-01",
			"properties": {
				"linkedServiceName": {
					"referenceName": "AzureDataLakeStorage2",
					"type": "LinkedServiceReference"
				},
				"annotations": [],
				"type": "Parquet",
				"typeProperties": {
					"location": {
						"type": "AzureBlobFSLocation",
						"fileName": "metrics.parquet",
						"fileSystem": "srcvmsqlserver"
					},
					"compressionCodec": "snappy"
				},
				"schema": [
					{
						"name": "ID",
						"type": "INT32"
					},
					{
						"name": "Updated",
						"type": "DATE"
					},
					{
						"name": "Confirmed",
						"type": "INT32"
					},
					{
						"name": "Confirmed_Change",
						"type": "INT32"
					},
					{
						"name": "Deaths",
						"type": "INT32"
					},
					{
						"name": "Deaths_Change",
						"type": "INT32"
					},
					{
						"name": "Recovered",
						"type": "INT32"
					},
					{
						"name": "Recovered_Change",
						"type": "INT32"
					},
					{
						"name": "Latitude",
						"type": "DECIMAL",
						"precision": 10,
						"scale": 5
					},
					{
						"name": "Longitude",
						"type": "DECIMAL",
						"precision": 10,
						"scale": 5
					},
					{
						"name": "ISO2",
						"type": "UTF8"
					},
					{
						"name": "ISO3",
						"type": "UTF8"
					},
					{
						"name": "Country_Region",
						"type": "UTF8"
					},
					{
						"name": "load_time",
						"type": "INT96"
					}
				]
			},
			"dependsOn": []
		},
		{
			"name": "[concat(parameters('factoryName'), '/Parquet2')]",
			"type": "Microsoft.DataFactory/factories/datasets",
			"apiVersion": "2018-06-01",
			"properties": {
				"linkedServiceName": {
					"referenceName": "Challenge02LS",
					"type": "LinkedServiceReference"
				},
				"annotations": [],
				"type": "Parquet",
				"typeProperties": {
					"location": {
						"type": "AzureBlobFSLocation",
						"fileSystem": "operationaldatastore"
					},
					"compressionCodec": "snappy"
				},
				"schema": []
			},
			"dependsOn": []
		},
		{
			"name": "[concat(parameters('factoryName'), '/Policies')]",
			"type": "Microsoft.DataFactory/factories/datasets",
			"apiVersion": "2018-06-01",
			"properties": {
				"linkedServiceName": {
					"referenceName": "Challenge02LS",
					"type": "LinkedServiceReference"
				},
				"annotations": [],
				"type": "Json",
				"typeProperties": {
					"location": {
						"type": "AzureBlobFSLocation",
						"fileName": "data_9b2a3483-42ab-4f81-b1f1-d60c33643cc3_16fa8969-b241-42e5-97cd-6a48e41da678.json",
						"fileSystem": "srccosmos"
					}
				},
				"schema": {
					"type": "object",
					"properties": {
						"CountryName": {
							"type": "string"
						},
						"CountryCode": {
							"type": "string"
						},
						"RegionName": {
							"type": "null"
						},
						"RegionCode": {
							"type": "null"
						},
						"Jurisdiction": {
							"type": "string"
						},
						"Date": {
							"type": "string"
						},
						"C1_School closing": {
							"type": "integer"
						},
						"C1_Flag": {
							"type": "integer"
						},
						"C2_Workplace closing": {
							"type": "integer"
						},
						"C2_Flag": {
							"type": "integer"
						},
						"C3_Cancel public events": {
							"type": "integer"
						},
						"C3_Flag": {
							"type": "integer"
						},
						"C4_Restrictions on gatherings": {
							"type": "integer"
						},
						"C4_Flag": {
							"type": "integer"
						},
						"C5_Close public transport": {
							"type": "integer"
						},
						"C5_Flag": {
							"type": "integer"
						},
						"C6_Stay at home requirements": {
							"type": "integer"
						},
						"C6_Flag": {
							"type": "integer"
						},
						"C7_Restrictions on internal movement": {
							"type": "integer"
						},
						"C7_Flag": {
							"type": "integer"
						},
						"C8_International travel controls": {
							"type": "integer"
						},
						"E1_Income support": {
							"type": "integer"
						},
						"E1_Flag": {
							"type": "integer"
						},
						"E2_Debt contract relief": {
							"type": "integer"
						},
						"E3_Fiscal measures": {
							"type": "integer"
						},
						"E4_International support": {
							"type": "integer"
						},
						"H1_Public information campaigns": {
							"type": "integer"
						},
						"H1_Flag": {
							"type": "integer"
						},
						"H2_Testing policy": {
							"type": "integer"
						},
						"H3_Contact tracing": {
							"type": "integer"
						},
						"H4_Emergency investment in healthcare": {
							"type": "integer"
						},
						"H5_Investment in vaccines": {
							"type": "integer"
						},
						"H6_Facial Coverings": {
							"type": "integer"
						},
						"H6_Flag": {
							"type": "integer"
						},
						"H7_Vaccination policy": {
							"type": "integer"
						},
						"H7_Flag": {
							"type": "integer"
						},
						"H8_Protection of elderly people": {
							"type": "integer"
						},
						"H8_Flag": {
							"type": "integer"
						},
						"M1_Wildcard": {
							"type": "integer"
						},
						"StringencyIndex": {
							"type": "integer"
						},
						"StringencyIndexForDisplay": {
							"type": "integer"
						},
						"StringencyLegacyIndex": {
							"type": "integer"
						},
						"StringencyLegacyIndexForDisplay": {
							"type": "integer"
						},
						"GovernmentResponseIndex": {
							"type": "integer"
						},
						"GovernmentResponseIndexForDisplay": {
							"type": "integer"
						},
						"ContainmentHealthIndex": {
							"type": "integer"
						},
						"ContainmentHealthIndexForDisplay": {
							"type": "integer"
						},
						"EconomicSupportIndex": {
							"type": "integer"
						},
						"EconomicSupportIndexForDisplay": {
							"type": "integer"
						},
						"id": {
							"type": "string"
						},
						"_rid": {
							"type": "string"
						},
						"_self": {
							"type": "string"
						},
						"_etag": {
							"type": "string"
						},
						"_attachments": {
							"type": "string"
						},
						"_ts": {
							"type": "integer"
						}
					}
				}
			},
			"dependsOn": []
		},
		{
			"name": "[concat(parameters('factoryName'), '/SQLVMDates')]",
			"type": "Microsoft.DataFactory/factories/datasets",
			"apiVersion": "2018-06-01",
			"properties": {
				"linkedServiceName": {
					"referenceName": "Challenge02LS",
					"type": "LinkedServiceReference"
				},
				"annotations": [],
				"type": "Parquet",
				"typeProperties": {
					"location": {
						"type": "AzureBlobFSLocation",
						"fileName": "dates",
						"fileSystem": "srcvmsqlserver"
					},
					"compressionCodec": "snappy"
				},
				"schema": [
					{
						"name": "DateKey",
						"type": "INT32"
					},
					{
						"name": "FullDate",
						"type": "DATE"
					},
					{
						"name": "isWeekDay",
						"type": "BOOLEAN"
					},
					{
						"name": "DayOfWeek",
						"type": "INT32"
					},
					{
						"name": "DayOfMonth",
						"type": "INT32"
					},
					{
						"name": "DayOfQuarter",
						"type": "INT32"
					},
					{
						"name": "DayOfYear",
						"type": "INT32"
					},
					{
						"name": "DayName",
						"type": "UTF8"
					},
					{
						"name": "WeekOfYear",
						"type": "INT32"
					},
					{
						"name": "WeekName",
						"type": "UTF8"
					},
					{
						"name": "MonthOfYear",
						"type": "INT32"
					},
					{
						"name": "MonthName",
						"type": "UTF8"
					},
					{
						"name": "CalendarQuarter",
						"type": "INT32"
					},
					{
						"name": "CalendarQuarterName",
						"type": "UTF8"
					},
					{
						"name": "CalendarYear",
						"type": "INT32"
					},
					{
						"name": "FiscalMonth",
						"type": "INT32"
					},
					{
						"name": "FiscalMonthName",
						"type": "UTF8"
					},
					{
						"name": "FiscalQuarter",
						"type": "INT32"
					},
					{
						"name": "FiscalQuarterName",
						"type": "UTF8"
					},
					{
						"name": "FiscalYear",
						"type": "INT32"
					}
				]
			},
			"dependsOn": []
		},
		{
			"name": "[concat(parameters('factoryName'), '/SQLonPrem')]",
			"type": "Microsoft.DataFactory/factories/datasets",
			"apiVersion": "2018-06-01",
			"properties": {
				"linkedServiceName": {
					"referenceName": "Challenge02LS",
					"type": "LinkedServiceReference"
				},
				"annotations": [],
				"type": "Parquet",
				"typeProperties": {
					"location": {
						"type": "AzureBlobFSLocation",
						"fileName": "dates",
						"fileSystem": "srcvmsqlserver"
					},
					"compressionCodec": "snappy"
				},
				"schema": []
			},
			"dependsOn": []
		},
		{
			"name": "[concat(parameters('factoryName'), '/SourceDataset_svz')]",
			"type": "Microsoft.DataFactory/factories/datasets",
			"apiVersion": "2018-06-01",
			"properties": {
				"linkedServiceName": {
					"referenceName": "AzureBlobStorage1",
					"type": "LinkedServiceReference"
				},
				"annotations": [],
				"type": "DelimitedText",
				"typeProperties": {
					"location": {
						"type": "AzureBlobStorageLocation",
						"fileName": "FLAT_CMPL.txt",
						"container": "ignore-this"
					},
					"columnDelimiter": "\t",
					"rowDelimiter": "\n",
					"escapeChar": "\\",
					"firstRowAsHeader": false,
					"quoteChar": "\""
				},
				"schema": [
					{
						"type": "String"
					},
					{
						"type": "String"
					},
					{
						"type": "String"
					},
					{
						"type": "String"
					},
					{
						"type": "String"
					},
					{
						"type": "String"
					},
					{
						"type": "String"
					},
					{
						"type": "String"
					},
					{
						"type": "String"
					},
					{
						"type": "String"
					},
					{
						"type": "String"
					},
					{
						"type": "String"
					},
					{
						"type": "String"
					},
					{
						"type": "String"
					},
					{
						"type": "String"
					},
					{
						"type": "String"
					},
					{
						"type": "String"
					},
					{
						"type": "String"
					},
					{
						"type": "String"
					},
					{
						"type": "String"
					},
					{
						"type": "String"
					},
					{
						"type": "String"
					},
					{
						"type": "String"
					},
					{
						"type": "String"
					},
					{
						"type": "String"
					},
					{
						"type": "String"
					},
					{
						"type": "String"
					},
					{
						"type": "String"
					},
					{
						"type": "String"
					},
					{
						"type": "String"
					},
					{
						"type": "String"
					},
					{
						"type": "String"
					},
					{
						"type": "String"
					},
					{
						"type": "String"
					},
					{
						"type": "String"
					},
					{
						"type": "String"
					},
					{
						"type": "String"
					},
					{
						"type": "String"
					},
					{
						"type": "String"
					},
					{
						"type": "String"
					},
					{
						"type": "String"
					},
					{
						"type": "String"
					},
					{
						"type": "String"
					},
					{
						"type": "String"
					},
					{
						"type": "String"
					},
					{
						"type": "String"
					},
					{
						"type": "String"
					},
					{
						"type": "String"
					},
					{
						"type": "String"
					}
				]
			},
			"dependsOn": []
		},
		{
			"name": "[concat(parameters('factoryName'), '/VMCases')]",
			"type": "Microsoft.DataFactory/factories/datasets",
			"apiVersion": "2018-06-01",
			"properties": {
				"linkedServiceName": {
					"referenceName": "Challenge02LS",
					"type": "LinkedServiceReference"
				},
				"annotations": [],
				"type": "Parquet",
				"typeProperties": {
					"location": {
						"type": "AzureBlobFSLocation",
						"fileName": "metrics.parquet",
						"fileSystem": "srcvmsqlserver"
					},
					"compressionCodec": "snappy"
				},
				"schema": [
					{
						"name": "ID",
						"type": "INT32"
					},
					{
						"name": "Updated",
						"type": "DATE"
					},
					{
						"name": "Confirmed",
						"type": "INT32"
					},
					{
						"name": "Confirmed_Change",
						"type": "INT32"
					},
					{
						"name": "Deaths",
						"type": "INT32"
					},
					{
						"name": "Deaths_Change",
						"type": "INT32"
					},
					{
						"name": "Recovered",
						"type": "INT32"
					},
					{
						"name": "Recovered_Change",
						"type": "INT32"
					},
					{
						"name": "Latitude",
						"type": "DECIMAL",
						"precision": 10,
						"scale": 5
					},
					{
						"name": "Longitude",
						"type": "DECIMAL",
						"precision": 10,
						"scale": 5
					},
					{
						"name": "ISO2",
						"type": "UTF8"
					},
					{
						"name": "ISO3",
						"type": "UTF8"
					},
					{
						"name": "Country_Region",
						"type": "UTF8"
					},
					{
						"name": "load_time",
						"type": "INT96"
					}
				]
			},
			"dependsOn": []
		},
		{
			"name": "[concat(parameters('factoryName'), '/VMSQLCountries')]",
			"type": "Microsoft.DataFactory/factories/datasets",
			"apiVersion": "2018-06-01",
			"properties": {
				"linkedServiceName": {
					"referenceName": "Challenge02LS",
					"type": "LinkedServiceReference"
				},
				"annotations": [],
				"type": "Parquet",
				"typeProperties": {
					"location": {
						"type": "AzureBlobFSLocation",
						"fileName": "countries",
						"fileSystem": "srcvmsqlserver"
					},
					"compressionCodec": "snappy"
				},
				"schema": [
					{
						"name": "Country",
						"type": "UTF8"
					},
					{
						"name": "CountryCode",
						"type": "UTF8"
					},
					{
						"name": "Latitude",
						"type": "DECIMAL",
						"precision": 10,
						"scale": 5
					},
					{
						"name": "Longitude",
						"type": "DECIMAL",
						"precision": 10,
						"scale": 5
					}
				]
			},
			"dependsOn": []
		},
		{
			"name": "[concat(parameters('factoryName'), '/destCases')]",
			"type": "Microsoft.DataFactory/factories/datasets",
			"apiVersion": "2018-06-01",
			"properties": {
				"linkedServiceName": {
					"referenceName": "Challenge02LS",
					"type": "LinkedServiceReference"
				},
				"annotations": [],
				"type": "Parquet",
				"typeProperties": {
					"location": {
						"type": "AzureBlobFSLocation",
						"fileName": "destCases",
						"fileSystem": "operationaldatastore"
					},
					"compressionCodec": "snappy"
				},
				"schema": []
			},
			"dependsOn": []
		},
		{
			"name": "[concat(parameters('factoryName'), '/destDates')]",
			"type": "Microsoft.DataFactory/factories/datasets",
			"apiVersion": "2018-06-01",
			"properties": {
				"linkedServiceName": {
					"referenceName": "Challenge02LS",
					"type": "LinkedServiceReference"
				},
				"annotations": [],
				"type": "Parquet",
				"typeProperties": {
					"location": {
						"type": "AzureBlobFSLocation",
						"fileName": "destDates",
						"fileSystem": "operationaldatastore"
					},
					"compressionCodec": "snappy"
				},
				"schema": []
			},
			"dependsOn": []
		},
		{
			"name": "[concat(parameters('factoryName'), '/destDeaths')]",
			"type": "Microsoft.DataFactory/factories/datasets",
			"apiVersion": "2018-06-01",
			"properties": {
				"linkedServiceName": {
					"referenceName": "Challenge02LS",
					"type": "LinkedServiceReference"
				},
				"annotations": [],
				"type": "Parquet",
				"typeProperties": {
					"location": {
						"type": "AzureBlobFSLocation",
						"fileName": "destDeaths.parquet",
						"fileSystem": "operationaldatastore"
					},
					"compressionCodec": "snappy"
				},
				"schema": []
			},
			"dependsOn": []
		},
		{
			"name": "[concat(parameters('factoryName'), '/destGeography')]",
			"type": "Microsoft.DataFactory/factories/datasets",
			"apiVersion": "2018-06-01",
			"properties": {
				"linkedServiceName": {
					"referenceName": "Challenge02LS",
					"type": "LinkedServiceReference"
				},
				"annotations": [],
				"type": "Parquet",
				"typeProperties": {
					"location": {
						"type": "AzureBlobFSLocation",
						"fileName": "destGeography",
						"fileSystem": "operationaldatastore"
					},
					"compressionCodec": "snappy"
				},
				"schema": []
			},
			"dependsOn": []
		},
		{
			"name": "[concat(parameters('factoryName'), '/destParque')]",
			"type": "Microsoft.DataFactory/factories/datasets",
			"apiVersion": "2018-06-01",
			"properties": {
				"linkedServiceName": {
					"referenceName": "Challenge02LS",
					"type": "LinkedServiceReference"
				},
				"annotations": [],
				"type": "Parquet",
				"typeProperties": {
					"location": {
						"type": "AzureBlobFSLocation",
						"fileName": "destPolicies",
						"fileSystem": "operationaldatastore"
					},
					"compressionCodec": "snappy"
				},
				"schema": [
					{
						"name": "ID",
						"type": "INT32"
					},
					{
						"name": "Updated",
						"type": "DATE"
					},
					{
						"name": "Deaths",
						"type": "INT32"
					},
					{
						"name": "ISO2",
						"type": "UTF8"
					},
					{
						"name": "ISO3",
						"type": "UTF8"
					},
					{
						"name": "Country_Region",
						"type": "UTF8"
					},
					{
						"name": "load_time",
						"type": "INT96"
					}
				]
			},
			"dependsOn": []
		},
		{
			"name": "[concat(parameters('factoryName'), '/destPolicies')]",
			"type": "Microsoft.DataFactory/factories/datasets",
			"apiVersion": "2018-06-01",
			"properties": {
				"linkedServiceName": {
					"referenceName": "Challenge02LS",
					"type": "LinkedServiceReference"
				},
				"annotations": [],
				"type": "Json",
				"typeProperties": {
					"location": {
						"type": "AzureBlobFSLocation",
						"fileName": "destPolicies",
						"fileSystem": "operationaldatastore"
					}
				},
				"schema": {
					"type": "object",
					"properties": {
						"CountryName": {
							"type": "string"
						},
						"CountryCode": {
							"type": "string"
						},
						"RegionName": {
							"type": "null"
						},
						"RegionCode": {
							"type": "null"
						},
						"Jurisdiction": {
							"type": "string"
						},
						"Date": {
							"type": "string"
						},
						"C1_School closing": {
							"type": "integer"
						},
						"C1_Flag": {
							"type": "integer"
						},
						"C2_Workplace closing": {
							"type": "integer"
						},
						"C2_Flag": {
							"type": "integer"
						},
						"C3_Cancel public events": {
							"type": "integer"
						},
						"C3_Flag": {
							"type": "integer"
						},
						"C4_Restrictions on gatherings": {
							"type": "integer"
						},
						"C4_Flag": {
							"type": "integer"
						},
						"C5_Close public transport": {
							"type": "integer"
						},
						"C5_Flag": {
							"type": "integer"
						},
						"C6_Stay at home requirements": {
							"type": "integer"
						},
						"C6_Flag": {
							"type": "integer"
						},
						"C7_Restrictions on internal movement": {
							"type": "integer"
						},
						"C7_Flag": {
							"type": "integer"
						},
						"C8_International travel controls": {
							"type": "integer"
						},
						"E1_Income support": {
							"type": "integer"
						},
						"E1_Flag": {
							"type": "integer"
						},
						"E2_Debt contract relief": {
							"type": "integer"
						},
						"E3_Fiscal measures": {
							"type": "integer"
						},
						"E4_International support": {
							"type": "integer"
						},
						"H1_Public information campaigns": {
							"type": "integer"
						},
						"H1_Flag": {
							"type": "integer"
						},
						"H2_Testing policy": {
							"type": "integer"
						},
						"H3_Contact tracing": {
							"type": "integer"
						},
						"H4_Emergency investment in healthcare": {
							"type": "integer"
						},
						"H5_Investment in vaccines": {
							"type": "integer"
						},
						"H6_Facial Coverings": {
							"type": "integer"
						},
						"H6_Flag": {
							"type": "integer"
						},
						"H7_Vaccination policy": {
							"type": "integer"
						},
						"H7_Flag": {
							"type": "integer"
						},
						"H8_Protection of elderly people": {
							"type": "integer"
						},
						"H8_Flag": {
							"type": "integer"
						},
						"M1_Wildcard": {
							"type": "integer"
						},
						"StringencyIndex": {
							"type": "integer"
						},
						"StringencyIndexForDisplay": {
							"type": "integer"
						},
						"StringencyLegacyIndex": {
							"type": "integer"
						},
						"StringencyLegacyIndexForDisplay": {
							"type": "integer"
						},
						"GovernmentResponseIndex": {
							"type": "integer"
						},
						"GovernmentResponseIndexForDisplay": {
							"type": "integer"
						},
						"ContainmentHealthIndex": {
							"type": "integer"
						},
						"ContainmentHealthIndexForDisplay": {
							"type": "integer"
						},
						"EconomicSupportIndex": {
							"type": "integer"
						},
						"EconomicSupportIndexForDisplay": {
							"type": "integer"
						},
						"id": {
							"type": "string"
						},
						"_rid": {
							"type": "string"
						},
						"_self": {
							"type": "string"
						},
						"_etag": {
							"type": "string"
						},
						"_attachments": {
							"type": "string"
						},
						"_ts": {
							"type": "integer"
						}
					}
				}
			},
			"dependsOn": []
		},
		{
			"name": "[concat(parameters('factoryName'), '/destPoliciesParquet')]",
			"type": "Microsoft.DataFactory/factories/datasets",
			"apiVersion": "2018-06-01",
			"properties": {
				"linkedServiceName": {
					"referenceName": "Challenge02LS",
					"type": "LinkedServiceReference"
				},
				"annotations": [],
				"type": "Parquet",
				"typeProperties": {
					"location": {
						"type": "AzureBlobFSLocation",
						"fileSystem": "operationaldatastore"
					},
					"compressionCodec": "snappy"
				},
				"schema": []
			},
			"dependsOn": []
		},
		{
			"name": "[concat(parameters('factoryName'), '/destRecoveries')]",
			"type": "Microsoft.DataFactory/factories/datasets",
			"apiVersion": "2018-06-01",
			"properties": {
				"linkedServiceName": {
					"referenceName": "Challenge02LS",
					"type": "LinkedServiceReference"
				},
				"annotations": [],
				"type": "Parquet",
				"typeProperties": {
					"location": {
						"type": "AzureBlobFSLocation",
						"fileName": "destRecoveries",
						"fileSystem": "operationaldatastore"
					},
					"compressionCodec": "snappy"
				},
				"schema": []
			},
			"dependsOn": []
		},
		{
			"name": "[concat(parameters('factoryName'), '/AzureDataLakeStorage1')]",
			"type": "Microsoft.DataFactory/factories/linkedServices",
			"apiVersion": "2018-06-01",
			"properties": {
				"annotations": [],
				"type": "AzureBlobFS",
				"typeProperties": {
					"url": "[parameters('AzureDataLakeStorage1_properties_typeProperties_url')]",
					"accountKey": {
						"type": "SecureString",
						"value": "[parameters('AzureDataLakeStorage1_accountKey')]"
					}
				},
				"connectVia": {
					"referenceName": "sqlServerVM",
					"type": "IntegrationRuntimeReference"
				}
			},
			"dependsOn": []
		},
		{
			"name": "[concat(parameters('factoryName'), '/SqlServerVM')]",
			"type": "Microsoft.DataFactory/factories/linkedServices",
			"apiVersion": "2018-06-01",
			"properties": {
				"annotations": [],
				"type": "SqlServer",
				"typeProperties": {
					"connectionString": "[parameters('SqlServerVM_connectionString')]"
				},
				"connectVia": {
					"referenceName": "sqlServerVM",
					"type": "IntegrationRuntimeReference"
				}
			},
			"dependsOn": []
		},
		{
			"name": "[concat(parameters('factoryName'), '/cosmos_data_transfer')]",
			"type": "Microsoft.DataFactory/factories/pipelines",
			"apiVersion": "2018-06-01",
			"properties": {
				"activities": [
					{
						"name": "copying data from cosmos DB",
						"type": "Copy",
						"dependsOn": [],
						"policy": {
							"timeout": "0.12:00:00",
							"retry": 0,
							"retryIntervalInSeconds": 30,
							"secureOutput": false,
							"secureInput": false
						},
						"userProperties": [],
						"typeProperties": {
							"source": {
								"type": "CosmosDbSqlApiSource",
								"preferredRegions": []
							},
							"sink": {
								"type": "JsonSink",
								"storeSettings": {
									"type": "AzureBlobStorageWriteSettings"
								},
								"formatSettings": {
									"type": "JsonWriteSettings"
								}
							},
							"enableStaging": false,
							"translator": {
								"type": "TabularTranslator",
								"mappings": [
									{
										"source": {
											"path": "$['CountryName']"
										},
										"sink": {
											"path": "$['CountryName']"
										}
									},
									{
										"source": {
											"path": "$['CountryCode']"
										},
										"sink": {
											"path": "$['CountryCode']"
										}
									},
									{
										"source": {
											"path": "$['RegionName']"
										},
										"sink": {
											"path": "$['RegionName']"
										}
									},
									{
										"source": {
											"path": "$['RegionCode']"
										},
										"sink": {
											"path": "$['RegionCode']"
										}
									},
									{
										"source": {
											"path": "$['Jurisdiction']"
										},
										"sink": {
											"path": "$['Jurisdiction']"
										}
									},
									{
										"source": {
											"path": "$['Date']"
										},
										"sink": {
											"path": "$['Date']"
										}
									},
									{
										"source": {
											"path": "$['C1_School closing']"
										},
										"sink": {
											"path": "$['C1_School closing']"
										}
									},
									{
										"source": {
											"path": "$['C1_Flag']"
										},
										"sink": {
											"path": "$['C1_Flag']"
										}
									},
									{
										"source": {
											"path": "$['C2_Workplace closing']"
										},
										"sink": {
											"path": "$['C2_Workplace closing']"
										}
									},
									{
										"source": {
											"path": "$['C2_Flag']"
										},
										"sink": {
											"path": "$['C2_Flag']"
										}
									},
									{
										"source": {
											"path": "$['C3_Cancel public events']"
										},
										"sink": {
											"path": "$['C3_Cancel public events']"
										}
									},
									{
										"source": {
											"path": "$['C3_Flag']"
										},
										"sink": {
											"path": "$['C3_Flag']"
										}
									},
									{
										"source": {
											"path": "$['C4_Restrictions on gatherings']"
										},
										"sink": {
											"path": "$['C4_Restrictions on gatherings']"
										}
									},
									{
										"source": {
											"path": "$['C4_Flag']"
										},
										"sink": {
											"path": "$['C4_Flag']"
										}
									},
									{
										"source": {
											"path": "$['C5_Close public transport']"
										},
										"sink": {
											"path": "$['C5_Close public transport']"
										}
									},
									{
										"source": {
											"path": "$['C5_Flag']"
										},
										"sink": {
											"path": "$['C5_Flag']"
										}
									},
									{
										"source": {
											"path": "$['C6_Stay at home requirements']"
										},
										"sink": {
											"path": "$['C6_Stay at home requirements']"
										}
									},
									{
										"source": {
											"path": "$['C6_Flag']"
										},
										"sink": {
											"path": "$['C6_Flag']"
										}
									},
									{
										"source": {
											"path": "$['C7_Restrictions on internal movement']"
										},
										"sink": {
											"path": "$['C7_Restrictions on internal movement']"
										}
									},
									{
										"source": {
											"path": "$['C7_Flag']"
										},
										"sink": {
											"path": "$['C7_Flag']"
										}
									},
									{
										"source": {
											"path": "$['C8_International travel controls']"
										},
										"sink": {
											"path": "$['C8_International travel controls']"
										}
									},
									{
										"source": {
											"path": "$['E1_Income support']"
										},
										"sink": {
											"path": "$['E1_Income support']"
										}
									},
									{
										"source": {
											"path": "$['E1_Flag']"
										},
										"sink": {
											"path": "$['E1_Flag']"
										}
									},
									{
										"source": {
											"path": "$['E2_Debt contract relief']"
										},
										"sink": {
											"path": "$['E2_Debt contract relief']"
										}
									},
									{
										"source": {
											"path": "$['E3_Fiscal measures']"
										},
										"sink": {
											"path": "$['E3_Fiscal measures']"
										}
									},
									{
										"source": {
											"path": "$['E4_International support']"
										},
										"sink": {
											"path": "$['E4_International support']"
										}
									},
									{
										"source": {
											"path": "$['H1_Public information campaigns']"
										},
										"sink": {
											"path": "$['H1_Public information campaigns']"
										}
									},
									{
										"source": {
											"path": "$['H1_Flag']"
										},
										"sink": {
											"path": "$['H1_Flag']"
										}
									},
									{
										"source": {
											"path": "$['H2_Testing policy']"
										},
										"sink": {
											"path": "$['H2_Testing policy']"
										}
									},
									{
										"source": {
											"path": "$['H3_Contact tracing']"
										},
										"sink": {
											"path": "$['H3_Contact tracing']"
										}
									},
									{
										"source": {
											"path": "$['H4_Emergency investment in healthcare']"
										},
										"sink": {
											"path": "$['H4_Emergency investment in healthcare']"
										}
									},
									{
										"source": {
											"path": "$['H5_Investment in vaccines']"
										},
										"sink": {
											"path": "$['H5_Investment in vaccines']"
										}
									},
									{
										"source": {
											"path": "$['H6_Facial Coverings']"
										},
										"sink": {
											"path": "$['H6_Facial Coverings']"
										}
									},
									{
										"source": {
											"path": "$['H6_Flag']"
										},
										"sink": {
											"path": "$['H6_Flag']"
										}
									},
									{
										"source": {
											"path": "$['H7_Vaccination policy']"
										},
										"sink": {
											"path": "$['H7_Vaccination policy']"
										}
									},
									{
										"source": {
											"path": "$['H7_Flag']"
										},
										"sink": {
											"path": "$['H7_Flag']"
										}
									},
									{
										"source": {
											"path": "$['H8_Protection of elderly people']"
										},
										"sink": {
											"path": "$['H8_Protection of elderly people']"
										}
									},
									{
										"source": {
											"path": "$['H8_Flag']"
										},
										"sink": {
											"path": "$['H8_Flag']"
										}
									},
									{
										"source": {
											"path": "$['M1_Wildcard']"
										},
										"sink": {
											"path": "$['M1_Wildcard']"
										}
									},
									{
										"source": {
											"path": "$['StringencyIndex']"
										},
										"sink": {
											"path": "$['StringencyIndex']"
										}
									},
									{
										"source": {
											"path": "$['StringencyIndexForDisplay']"
										},
										"sink": {
											"path": "$['StringencyIndexForDisplay']"
										}
									},
									{
										"source": {
											"path": "$['StringencyLegacyIndex']"
										},
										"sink": {
											"path": "$['StringencyLegacyIndex']"
										}
									},
									{
										"source": {
											"path": "$['StringencyLegacyIndexForDisplay']"
										},
										"sink": {
											"path": "$['StringencyLegacyIndexForDisplay']"
										}
									},
									{
										"source": {
											"path": "$['GovernmentResponseIndex']"
										},
										"sink": {
											"path": "$['GovernmentResponseIndex']"
										}
									},
									{
										"source": {
											"path": "$['GovernmentResponseIndexForDisplay']"
										},
										"sink": {
											"path": "$['GovernmentResponseIndexForDisplay']"
										}
									},
									{
										"source": {
											"path": "$['ContainmentHealthIndex']"
										},
										"sink": {
											"path": "$['ContainmentHealthIndex']"
										}
									},
									{
										"source": {
											"path": "$['ContainmentHealthIndexForDisplay']"
										},
										"sink": {
											"path": "$['ContainmentHealthIndexForDisplay']"
										}
									},
									{
										"source": {
											"path": "$['EconomicSupportIndex']"
										},
										"sink": {
											"path": "$['EconomicSupportIndex']"
										}
									},
									{
										"source": {
											"path": "$['EconomicSupportIndexForDisplay']"
										},
										"sink": {
											"path": "$['EconomicSupportIndexForDisplay']"
										}
									},
									{
										"source": {
											"path": "$['id']"
										},
										"sink": {
											"path": "$['id']"
										}
									},
									{
										"source": {
											"path": "$['_rid']"
										},
										"sink": {
											"path": "$['_rid']"
										}
									},
									{
										"source": {
											"path": "$['_self']"
										},
										"sink": {
											"path": "$['_self']"
										}
									},
									{
										"source": {
											"path": "$['_etag']"
										},
										"sink": {
											"path": "$['_etag']"
										}
									},
									{
										"source": {
											"path": "$['_attachments']"
										},
										"sink": {
											"path": "$['_attachments']"
										}
									},
									{
										"source": {
											"path": "$['_ts']"
										},
										"sink": {
											"path": "$['_ts']"
										}
									}
								]
							}
						},
						"inputs": [
							{
								"referenceName": "CosmosDbSqlApiCollection1",
								"type": "DatasetReference",
								"parameters": {}
							}
						],
						"outputs": [
							{
								"referenceName": "Json1",
								"type": "DatasetReference",
								"parameters": {}
							}
						]
					}
				],
				"policy": {
					"elapsedTimeMetric": {},
					"cancelAfter": {}
				},
				"annotations": []
			},
			"dependsOn": []
		},
		{
			"name": "[concat(parameters('factoryName'), '/pipeline2')]",
			"type": "Microsoft.DataFactory/factories/pipelines",
			"apiVersion": "2018-06-01",
			"properties": {
				"activities": [
					{
						"name": "send to sql database",
						"type": "Copy",
						"dependsOn": [],
						"policy": {
							"timeout": "0.12:00:00",
							"retry": 0,
							"retryIntervalInSeconds": 30,
							"secureOutput": false,
							"secureInput": false
						},
						"userProperties": [],
						"typeProperties": {
							"source": {
								"type": "DelimitedTextSource",
								"storeSettings": {
									"type": "AzureBlobStorageReadSettings",
									"recursive": true,
									"enablePartitionDiscovery": false
								},
								"formatSettings": {
									"type": "DelimitedTextReadSettings",
									"compressionProperties": {
										"type": "ZipDeflateReadSettings"
									}
								}
							},
							"sink": {
								"type": "AzureSqlSink",
								"writeBehavior": "insert",
								"sqlWriterUseTableLock": false
							},
							"enableStaging": false,
							"enableSkipIncompatibleRow": true,
							"validateDataConsistency": true,
							"translator": {
								"type": "TabularTranslator",
								"mappings": [
									{
										"source": {
											"type": "String",
											"ordinal": 1
										},
										"sink": {
											"name": "CMPLID",
											"type": "String",
											"physicalType": "nvarchar"
										}
									},
									{
										"source": {
											"ordinal": 2
										},
										"sink": {
											"name": "ODINO",
											"type": "String",
											"physicalType": "nvarchar"
										}
									},
									{
										"source": {
											"ordinal": 3
										},
										"sink": {
											"name": "MFR_NAME",
											"type": "String",
											"physicalType": "nvarchar"
										}
									},
									{
										"source": {
											"ordinal": 4
										},
										"sink": {
											"name": "MAKETXT",
											"type": "String",
											"physicalType": "nvarchar"
										}
									},
									{
										"source": {
											"ordinal": 5
										},
										"sink": {
											"name": "MODELTXT",
											"type": "String",
											"physicalType": "nvarchar"
										}
									},
									{
										"source": {
											"ordinal": 6
										},
										"sink": {
											"name": "YEARTXT",
											"type": "String",
											"physicalType": "nvarchar"
										}
									},
									{
										"source": {
											"ordinal": 7
										},
										"sink": {
											"name": "CRASH",
											"type": "String",
											"physicalType": "nvarchar"
										}
									},
									{
										"source": {
											"ordinal": 8
										},
										"sink": {
											"name": "FAILDATE",
											"type": "String",
											"physicalType": "nvarchar"
										}
									},
									{
										"source": {
											"ordinal": 9
										},
										"sink": {
											"name": "FIRE",
											"type": "String",
											"physicalType": "nvarchar"
										}
									},
									{
										"source": {
											"ordinal": 10
										},
										"sink": {
											"name": "INJURED",
											"type": "String",
											"physicalType": "nvarchar"
										}
									},
									{
										"source": {
											"ordinal": 11
										},
										"sink": {
											"name": "DEATHS",
											"type": "String",
											"physicalType": "nvarchar"
										}
									},
									{
										"source": {
											"ordinal": 12
										},
										"sink": {
											"name": "COMPDESC",
											"type": "String",
											"physicalType": "nvarchar"
										}
									},
									{
										"source": {
											"ordinal": 13
										},
										"sink": {
											"name": "CITY",
											"type": "String",
											"physicalType": "nvarchar"
										}
									},
									{
										"source": {
											"ordinal": 14
										},
										"sink": {
											"name": "STATE",
											"type": "String",
											"physicalType": "nvarchar"
										}
									},
									{
										"source": {
											"ordinal": 15
										},
										"sink": {
											"name": "VIN",
											"type": "String",
											"physicalType": "nvarchar"
										}
									},
									{
										"source": {
											"ordinal": 16
										},
										"sink": {
											"name": "DATEA",
											"type": "DateTime",
											"physicalType": "datetime"
										}
									},
									{
										"source": {
											"ordinal": 17
										},
										"sink": {
											"name": "LDATE",
											"type": "String",
											"physicalType": "nvarchar"
										}
									},
									{
										"source": {
											"ordinal": 18
										},
										"sink": {
											"name": "MILES",
											"type": "String",
											"physicalType": "nvarchar"
										}
									},
									{
										"source": {
											"ordinal": 19
										},
										"sink": {
											"name": "OCCURENCES",
											"type": "String",
											"physicalType": "nvarchar"
										}
									},
									{
										"source": {
											"ordinal": 20
										},
										"sink": {
											"name": "CDESCR",
											"type": "String",
											"physicalType": "nvarchar"
										}
									},
									{
										"source": {
											"ordinal": 21
										},
										"sink": {
											"name": "CMPL_TYPE",
											"type": "String",
											"physicalType": "nvarchar"
										}
									},
									{
										"source": {
											"ordinal": 22
										},
										"sink": {
											"name": "POLICE_RPT_YN",
											"type": "String",
											"physicalType": "nvarchar"
										}
									},
									{
										"source": {
											"ordinal": 23
										},
										"sink": {
											"name": "PURCH_DT",
											"type": "String",
											"physicalType": "nvarchar"
										}
									},
									{
										"source": {
											"ordinal": 24
										},
										"sink": {
											"name": "ORIG_OWNER_YN",
											"type": "String",
											"physicalType": "nvarchar"
										}
									},
									{
										"source": {
											"ordinal": 25
										},
										"sink": {
											"name": "ANTI_BRAKES_YN",
											"type": "String",
											"physicalType": "nvarchar"
										}
									},
									{
										"source": {
											"ordinal": 26
										},
										"sink": {
											"name": "CRUISE_CONT_YN",
											"type": "String",
											"physicalType": "nvarchar"
										}
									},
									{
										"source": {
											"ordinal": 27
										},
										"sink": {
											"name": "NUM_CYLS",
											"type": "String",
											"physicalType": "nvarchar"
										}
									},
									{
										"source": {
											"ordinal": 28
										},
										"sink": {
											"name": "DRIVE_TRAIN",
											"type": "String",
											"physicalType": "nvarchar"
										}
									},
									{
										"source": {
											"ordinal": 29
										},
										"sink": {
											"name": "FUEL_SYS",
											"type": "String",
											"physicalType": "nvarchar"
										}
									},
									{
										"source": {
											"ordinal": 30
										},
										"sink": {
											"name": "FUEL_TYPE",
											"type": "String",
											"physicalType": "nvarchar"
										}
									},
									{
										"source": {
											"ordinal": 31
										},
										"sink": {
											"name": "TRANS_TYPE",
											"type": "String",
											"physicalType": "nvarchar"
										}
									},
									{
										"source": {
											"ordinal": 32
										},
										"sink": {
											"name": "VEH_SPEED",
											"type": "String",
											"physicalType": "nvarchar"
										}
									},
									{
										"source": {
											"ordinal": 33
										},
										"sink": {
											"name": "DOT",
											"type": "String",
											"physicalType": "nvarchar"
										}
									},
									{
										"source": {
											"ordinal": 34
										},
										"sink": {
											"name": "TIRE_SIZE",
											"type": "String",
											"physicalType": "nvarchar"
										}
									},
									{
										"source": {
											"ordinal": 35
										},
										"sink": {
											"name": "LOC_OF_TIRE",
											"type": "String",
											"physicalType": "nvarchar"
										}
									},
									{
										"source": {
											"ordinal": 36
										},
										"sink": {
											"name": "TIRE_FAIL_TYPE",
											"type": "String",
											"physicalType": "nvarchar"
										}
									},
									{
										"source": {
											"ordinal": 37
										},
										"sink": {
											"name": "ORIG_EQUIP_YN",
											"type": "String",
											"physicalType": "nvarchar"
										}
									},
									{
										"source": {
											"ordinal": 38
										},
										"sink": {
											"name": "MANUF_DT",
											"type": "String",
											"physicalType": "nvarchar"
										}
									},
									{
										"source": {
											"ordinal": 39
										},
										"sink": {
											"name": "SEAT_TYPE",
											"type": "String",
											"physicalType": "nvarchar"
										}
									},
									{
										"source": {
											"ordinal": 40
										},
										"sink": {
											"name": "RESTRAINT_TYPE",
											"type": "String",
											"physicalType": "nvarchar"
										}
									},
									{
										"source": {
											"ordinal": 41
										},
										"sink": {
											"name": "DEALER_NAME",
											"type": "String",
											"physicalType": "nvarchar"
										}
									},
									{
										"source": {
											"ordinal": 42
										},
										"sink": {
											"name": "DEALER_TEL",
											"type": "String",
											"physicalType": "nvarchar"
										}
									},
									{
										"source": {
											"ordinal": 43
										},
										"sink": {
											"name": "DEALER_CITY",
											"type": "String",
											"physicalType": "nvarchar"
										}
									},
									{
										"source": {
											"ordinal": 44
										},
										"sink": {
											"name": "DEALER_STATE",
											"type": "String",
											"physicalType": "nvarchar"
										}
									},
									{
										"source": {
											"ordinal": 45
										},
										"sink": {
											"name": "DEALER_ZIP",
											"type": "String",
											"physicalType": "nvarchar"
										}
									},
									{
										"source": {
											"ordinal": 46
										},
										"sink": {
											"name": "PROD_TYPE",
											"physicalType": "nvarchar"
										}
									},
									{
										"source": {
											"ordinal": 47
										},
										"sink": {
											"name": "REPAIRED_YN",
											"type": "String",
											"physicalType": "nvarchar"
										}
									},
									{
										"source": {
											"ordinal": 48
										},
										"sink": {
											"name": "MEDICAL_ATTN",
											"type": "String",
											"physicalType": "nvarchar"
										}
									},
									{
										"source": {
											"ordinal": 49
										},
										"sink": {
											"name": "VEHICLES_TOWED_YN",
											"type": "String",
											"physicalType": "nvarchar"
										}
									}
								],
								"typeConversion": true,
								"typeConversionSettings": {
									"allowDataTruncation": true,
									"treatBooleanAsNumber": false,
									"dateTimeFormat": "yyyyMMdd"
								}
							}
						},
						"inputs": [
							{
								"referenceName": "CMPL_flat",
								"type": "DatasetReference",
								"parameters": {}
							}
						],
						"outputs": [
							{
								"referenceName": "AzureSqlTable2",
								"type": "DatasetReference",
								"parameters": {}
							}
						]
					}
				],
				"policy": {
					"elapsedTimeMetric": {},
					"cancelAfter": {}
				},
				"annotations": []
			},
			"dependsOn": []
		}
	]
}