{
	"$schema": "http://schema.management.azure.com/schemas/2015-01-01/deploymentTemplate.json#",
	"contentVersion": "1.0.0.0",
	"parameters": {
		"factoryName": {
			"type": "string",
			"metadata": "Data Factory name",
			"defaultValue": "solution01"
		},
		"AzureBlobStorage1_connectionString": {
			"type": "secureString",
			"metadata": "Secure string for 'connectionString' of 'AzureBlobStorage1'"
		},
		"AzureDataLakeStorage1_accountKey": {
			"type": "secureString",
			"metadata": "Secure string for 'accountKey' of 'AzureDataLakeStorage1'"
		},
		"AzureDataLakeStorage2_accountKey": {
			"type": "secureString",
			"metadata": "Secure string for 'accountKey' of 'AzureDataLakeStorage2'"
		},
		"AzureSqlDatabase1_connectionString": {
			"type": "secureString",
			"metadata": "Secure string for 'connectionString' of 'AzureSqlDatabase1'"
		},
		"AzureSqlDatabase2_connectionString": {
			"type": "secureString",
			"metadata": "Secure string for 'connectionString' of 'AzureSqlDatabase2'"
		},
		"AzureTableStorage1_connectionString": {
			"type": "secureString",
			"metadata": "Secure string for 'connectionString' of 'AzureTableStorage1'"
		},
		"Challenge02LS_accountKey": {
			"type": "secureString",
			"metadata": "Secure string for 'accountKey' of 'Challenge02LS'"
		},
		"CosmosDb1_connectionString": {
			"type": "secureString",
			"metadata": "Secure string for 'connectionString' of 'CosmosDb1'"
		},
		"SqlServerVM_connectionString": {
			"type": "secureString",
			"metadata": "Secure string for 'connectionString' of 'SqlServerVM'"
		},
		"AzureDataLakeStorage1_properties_typeProperties_url": {
			"type": "string",
			"defaultValue": "https://datalaketeam03.dfs.core.windows.net/"
		},
		"AzureDataLakeStorage2_properties_typeProperties_url": {
			"type": "string",
			"defaultValue": "https://datalaketeam03.dfs.core.windows.net/"
		},
		"Challenge02LS_properties_typeProperties_url": {
			"type": "string",
			"defaultValue": "https://datalaketeam03.dfs.core.windows.net/"
		},
		"HttpServer1_properties_typeProperties_url": {
			"type": "string",
			"defaultValue": "https://static.nhtsa.gov/"
		},
		"containerUri": {
			"type": "string",
			"metadata": "URI to storage account containing linked ARM templates"
		},
		"containerSasToken": {
			"type": "string",
			"metadata": "Sas token to storage account containing linked ARM templates"
		}
	},
	"variables": {
		"factoryId": "[concat('Microsoft.DataFactory/factories/', parameters('factoryName'))]"
	},
	"resources": [
		{
			"name": "solution01_ArmTemplate_0",
			"type": "Microsoft.Resources/deployments",
			"apiVersion": "2018-02-01",
			"properties": {
				"mode": "incremental",
				"templateLink": {
					"uri": "[concat(parameters('containerUri'), '/ArmTemplate_0.json', parameters('containerSasToken'))]",
					"contentVersion": "1.0.0.0"
				},
				"parameters": {
					"factoryName": {
						"value": "[parameters('factoryName')]"
					},
					"AzureBlobStorage1_connectionString": {
						"value": "[parameters('AzureBlobStorage1_connectionString')]"
					},
					"AzureDataLakeStorage2_accountKey": {
						"value": "[parameters('AzureDataLakeStorage2_accountKey')]"
					},
					"AzureSqlDatabase1_connectionString": {
						"value": "[parameters('AzureSqlDatabase1_connectionString')]"
					},
					"AzureSqlDatabase2_connectionString": {
						"value": "[parameters('AzureSqlDatabase2_connectionString')]"
					},
					"AzureTableStorage1_connectionString": {
						"value": "[parameters('AzureTableStorage1_connectionString')]"
					},
					"Challenge02LS_accountKey": {
						"value": "[parameters('Challenge02LS_accountKey')]"
					},
					"CosmosDb1_connectionString": {
						"value": "[parameters('CosmosDb1_connectionString')]"
					},
					"AzureDataLakeStorage2_properties_typeProperties_url": {
						"value": "[parameters('AzureDataLakeStorage2_properties_typeProperties_url')]"
					},
					"Challenge02LS_properties_typeProperties_url": {
						"value": "[parameters('Challenge02LS_properties_typeProperties_url')]"
					},
					"HttpServer1_properties_typeProperties_url": {
						"value": "[parameters('HttpServer1_properties_typeProperties_url')]"
					}
				}
			},
			"dependsOn": []
		},
		{
			"name": "solution01_ArmTemplate_1",
			"type": "Microsoft.Resources/deployments",
			"apiVersion": "2018-02-01",
			"properties": {
				"mode": "incremental",
				"templateLink": {
					"uri": "[concat(parameters('containerUri'), '/ArmTemplate_1.json', parameters('containerSasToken'))]",
					"contentVersion": "1.0.0.0"
				},
				"parameters": {
					"factoryName": {
						"value": "[parameters('factoryName')]"
					},
					"AzureDataLakeStorage1_accountKey": {
						"value": "[parameters('AzureDataLakeStorage1_accountKey')]"
					},
					"SqlServerVM_connectionString": {
						"value": "[parameters('SqlServerVM_connectionString')]"
					},
					"AzureDataLakeStorage1_properties_typeProperties_url": {
						"value": "[parameters('AzureDataLakeStorage1_properties_typeProperties_url')]"
					}
				}
			},
			"dependsOn": [
				"[resourceId('Microsoft.Resources/deployments', 'solution01_ArmTemplate_0')]"
			]
		},
		{
			"name": "solution01_ArmTemplate_2",
			"type": "Microsoft.Resources/deployments",
			"apiVersion": "2018-02-01",
			"properties": {
				"mode": "incremental",
				"templateLink": {
					"uri": "[concat(parameters('containerUri'), '/ArmTemplate_2.json', parameters('containerSasToken'))]",
					"contentVersion": "1.0.0.0"
				},
				"parameters": {
					"factoryName": {
						"value": "[parameters('factoryName')]"
					}
				}
			},
			"dependsOn": [
				"[resourceId('Microsoft.Resources/deployments', 'solution01_ArmTemplate_1')]"
			]
		}
	]
}