{
	"$schema": "http://schema.management.azure.com/schemas/2015-01-01/deploymentTemplate.json#",
	"contentVersion": "1.0.0.0",
	"parameters": {
		"factoryName": {
			"type": "string",
			"metadata": "Data Factory name",
			"defaultValue": "solution01"
		},
		"AzureBlobStorage1_connectionString": {
			"type": "secureString",
			"metadata": "Secure string for 'connectionString' of 'AzureBlobStorage1'"
		},
		"AzureDataLakeStorage2_accountKey": {
			"type": "secureString",
			"metadata": "Secure string for 'accountKey' of 'AzureDataLakeStorage2'"
		},
		"AzureSqlDatabase1_connectionString": {
			"type": "secureString",
			"metadata": "Secure string for 'connectionString' of 'AzureSqlDatabase1'"
		},
		"AzureSqlDatabase2_connectionString": {
			"type": "secureString",
			"metadata": "Secure string for 'connectionString' of 'AzureSqlDatabase2'"
		},
		"AzureTableStorage1_connectionString": {
			"type": "secureString",
			"metadata": "Secure string for 'connectionString' of 'AzureTableStorage1'"
		},
		"Challenge02LS_accountKey": {
			"type": "secureString",
			"metadata": "Secure string for 'accountKey' of 'Challenge02LS'"
		},
		"CosmosDb1_connectionString": {
			"type": "secureString",
			"metadata": "Secure string for 'connectionString' of 'CosmosDb1'"
		},
		"AzureDataLakeStorage2_properties_typeProperties_url": {
			"type": "string",
			"defaultValue": "https://datalaketeam03.dfs.core.windows.net/"
		},
		"Challenge02LS_properties_typeProperties_url": {
			"type": "string",
			"defaultValue": "https://datalaketeam03.dfs.core.windows.net/"
		},
		"HttpServer1_properties_typeProperties_url": {
			"type": "string",
			"defaultValue": "https://static.nhtsa.gov/"
		}
	},
	"variables": {
		"factoryId": "[concat('Microsoft.DataFactory/factories/', parameters('factoryName'))]"
	},
	"resources": [
		{
			"name": "[concat(parameters('factoryName'), '/AzureBlobStorage1')]",
			"type": "Microsoft.DataFactory/factories/linkedServices",
			"apiVersion": "2018-06-01",
			"properties": {
				"annotations": [],
				"type": "AzureBlobStorage",
				"typeProperties": {
					"connectionString": "[parameters('AzureBlobStorage1_connectionString')]"
				}
			},
			"dependsOn": []
		},
		{
			"name": "[concat(parameters('factoryName'), '/AzureDataLakeStorage2')]",
			"type": "Microsoft.DataFactory/factories/linkedServices",
			"apiVersion": "2018-06-01",
			"properties": {
				"annotations": [],
				"type": "AzureBlobFS",
				"typeProperties": {
					"url": "[parameters('AzureDataLakeStorage2_properties_typeProperties_url')]",
					"accountKey": {
						"type": "SecureString",
						"value": "[parameters('AzureDataLakeStorage2_accountKey')]"
					}
				}
			},
			"dependsOn": []
		},
		{
			"name": "[concat(parameters('factoryName'), '/AzureSqlDatabase1')]",
			"type": "Microsoft.DataFactory/factories/linkedServices",
			"apiVersion": "2018-06-01",
			"properties": {
				"annotations": [],
				"type": "AzureSqlDatabase",
				"typeProperties": {
					"connectionString": "[parameters('AzureSqlDatabase1_connectionString')]"
				}
			},
			"dependsOn": []
		},
		{
			"name": "[concat(parameters('factoryName'), '/AzureSqlDatabase2')]",
			"type": "Microsoft.DataFactory/factories/linkedServices",
			"apiVersion": "2018-06-01",
			"properties": {
				"annotations": [],
				"type": "AzureSqlDatabase",
				"typeProperties": {
					"connectionString": "[parameters('AzureSqlDatabase2_connectionString')]"
				}
			},
			"dependsOn": []
		},
		{
			"name": "[concat(parameters('factoryName'), '/AzureTableStorage1')]",
			"type": "Microsoft.DataFactory/factories/linkedServices",
			"apiVersion": "2018-06-01",
			"properties": {
				"annotations": [],
				"type": "AzureTableStorage",
				"typeProperties": {
					"connectionString": "[parameters('AzureTableStorage1_connectionString')]"
				}
			},
			"dependsOn": []
		},
		{
			"name": "[concat(parameters('factoryName'), '/Challenge02LS')]",
			"type": "Microsoft.DataFactory/factories/linkedServices",
			"apiVersion": "2018-06-01",
			"properties": {
				"annotations": [],
				"type": "AzureBlobFS",
				"typeProperties": {
					"url": "[parameters('Challenge02LS_properties_typeProperties_url')]",
					"accountKey": {
						"type": "SecureString",
						"value": "[parameters('Challenge02LS_accountKey')]"
					}
				}
			},
			"dependsOn": []
		},
		{
			"name": "[concat(parameters('factoryName'), '/CosmosDb1')]",
			"type": "Microsoft.DataFactory/factories/linkedServices",
			"apiVersion": "2018-06-01",
			"properties": {
				"annotations": [],
				"type": "CosmosDb",
				"typeProperties": {
					"connectionString": "[parameters('CosmosDb1_connectionString')]"
				}
			},
			"dependsOn": []
		},
		{
			"name": "[concat(parameters('factoryName'), '/HttpServer1')]",
			"type": "Microsoft.DataFactory/factories/linkedServices",
			"apiVersion": "2018-06-01",
			"properties": {
				"annotations": [],
				"type": "HttpServer",
				"typeProperties": {
					"url": "[parameters('HttpServer1_properties_typeProperties_url')]",
					"enableServerCertificateValidation": true,
					"authenticationType": "Anonymous"
				}
			},
			"dependsOn": []
		},
		{
			"name": "[concat(parameters('factoryName'), '/sqlServerVM')]",
			"type": "Microsoft.DataFactory/factories/integrationRuntimes",
			"apiVersion": "2018-06-01",
			"properties": {
				"type": "SelfHosted",
				"description": "SHIR for VM SQL Server",
				"typeProperties": {}
			},
			"dependsOn": []
		},
		{
			"name": "[concat(parameters('factoryName'), '/ASQL')]",
			"type": "Microsoft.DataFactory/factories/datasets",
			"apiVersion": "2018-06-01",
			"properties": {
				"linkedServiceName": {
					"referenceName": "Challenge02LS",
					"type": "LinkedServiceReference"
				},
				"annotations": [],
				"type": "Parquet",
				"typeProperties": {
					"location": {
						"type": "AzureBlobFSLocation",
						"fileName": "dbo.Covid19_Metrics.parquet",
						"fileSystem": "srcazuresqldb"
					},
					"compressionCodec": "snappy"
				},
				"schema": []
			},
			"dependsOn": [
				"[concat(variables('factoryId'), '/linkedServices/Challenge02LS')]"
			]
		},
		{
			"name": "[concat(parameters('factoryName'), '/ASQLCountries')]",
			"type": "Microsoft.DataFactory/factories/datasets",
			"apiVersion": "2018-06-01",
			"properties": {
				"linkedServiceName": {
					"referenceName": "Challenge02LS",
					"type": "LinkedServiceReference"
				},
				"annotations": [],
				"type": "Parquet",
				"typeProperties": {
					"location": {
						"type": "AzureBlobFSLocation",
						"fileName": "dbo.Country.parquet",
						"fileSystem": "srcazuresqldb"
					},
					"compressionCodec": "snappy"
				},
				"schema": [
					{
						"name": "Country",
						"type": "UTF8"
					},
					{
						"name": "CountryCode",
						"type": "UTF8"
					},
					{
						"name": "Latitude",
						"type": "DECIMAL",
						"precision": 10,
						"scale": 5
					},
					{
						"name": "Longitude",
						"type": "DECIMAL",
						"precision": 10,
						"scale": 5
					}
				]
			},
			"dependsOn": [
				"[concat(variables('factoryId'), '/linkedServices/Challenge02LS')]"
			]
		},
		{
			"name": "[concat(parameters('factoryName'), '/ASQLdates')]",
			"type": "Microsoft.DataFactory/factories/datasets",
			"apiVersion": "2018-06-01",
			"properties": {
				"linkedServiceName": {
					"referenceName": "Challenge02LS",
					"type": "LinkedServiceReference"
				},
				"annotations": [],
				"type": "Parquet",
				"typeProperties": {
					"location": {
						"type": "AzureBlobFSLocation",
						"fileName": "dbo.Dates.parquet",
						"fileSystem": "srcazuresqldb"
					},
					"compressionCodec": "snappy"
				},
				"schema": [
					{
						"name": "DateKey",
						"type": "INT32"
					},
					{
						"name": "FullDate",
						"type": "DATE"
					},
					{
						"name": "isWeekDay",
						"type": "BOOLEAN"
					},
					{
						"name": "DayOfWeek",
						"type": "INT32"
					},
					{
						"name": "DayOfMonth",
						"type": "INT32"
					},
					{
						"name": "DayOfQuarter",
						"type": "INT32"
					},
					{
						"name": "DayOfYear",
						"type": "INT32"
					},
					{
						"name": "DayName",
						"type": "UTF8"
					},
					{
						"name": "WeekOfYear",
						"type": "INT32"
					},
					{
						"name": "WeekName",
						"type": "UTF8"
					},
					{
						"name": "MonthOfYear",
						"type": "INT32"
					},
					{
						"name": "MonthName",
						"type": "UTF8"
					},
					{
						"name": "CalendarQuarter",
						"type": "INT32"
					},
					{
						"name": "CalendarQuarterName",
						"type": "UTF8"
					},
					{
						"name": "CalendarYear",
						"type": "INT32"
					},
					{
						"name": "FiscalMonth",
						"type": "INT32"
					},
					{
						"name": "FiscalMonthName",
						"type": "UTF8"
					},
					{
						"name": "FiscalQuarter",
						"type": "INT32"
					},
					{
						"name": "FiscalQuarterName",
						"type": "UTF8"
					},
					{
						"name": "FiscalYear",
						"type": "INT32"
					}
				]
			},
			"dependsOn": [
				"[concat(variables('factoryId'), '/linkedServices/Challenge02LS')]"
			]
		},
		{
			"name": "[concat(parameters('factoryName'), '/AzureSqlTable1')]",
			"type": "Microsoft.DataFactory/factories/datasets",
			"apiVersion": "2018-06-01",
			"properties": {
				"linkedServiceName": {
					"referenceName": "AzureSqlDatabase1",
					"type": "LinkedServiceReference"
				},
				"annotations": [],
				"type": "AzureSqlTable",
				"schema": [],
				"typeProperties": {}
			},
			"dependsOn": [
				"[concat(variables('factoryId'), '/linkedServices/AzureSqlDatabase1')]"
			]
		},
		{
			"name": "[concat(parameters('factoryName'), '/AzureSqlTable2')]",
			"type": "Microsoft.DataFactory/factories/datasets",
			"apiVersion": "2018-06-01",
			"properties": {
				"linkedServiceName": {
					"referenceName": "AzureSqlDatabase1",
					"type": "LinkedServiceReference"
				},
				"annotations": [],
				"type": "AzureSqlTable",
				"schema": [
					{
						"name": "CMPLID",
						"type": "nvarchar"
					},
					{
						"name": "ODINO",
						"type": "nvarchar"
					},
					{
						"name": "MFR_NAME",
						"type": "nvarchar"
					},
					{
						"name": "MAKETXT",
						"type": "nvarchar"
					},
					{
						"name": "MODELTXT",
						"type": "nvarchar"
					},
					{
						"name": "YEARTXT",
						"type": "nvarchar"
					},
					{
						"name": "CRASH",
						"type": "nvarchar"
					},
					{
						"name": "FAILDATE",
						"type": "nvarchar"
					},
					{
						"name": "FIRE",
						"type": "nvarchar"
					},
					{
						"name": "INJURED",
						"type": "nvarchar"
					},
					{
						"name": "DEATHS",
						"type": "nvarchar"
					},
					{
						"name": "COMPDESC",
						"type": "nvarchar"
					},
					{
						"name": "CITY",
						"type": "nvarchar"
					},
					{
						"name": "STATE",
						"type": "nvarchar"
					},
					{
						"name": "VIN",
						"type": "nvarchar"
					},
					{
						"name": "DATEA",
						"type": "datetime",
						"precision": 23,
						"scale": 3
					},
					{
						"name": "LDATE",
						"type": "nvarchar"
					},
					{
						"name": "MILES",
						"type": "nvarchar"
					},
					{
						"name": "OCCURENCES",
						"type": "nvarchar"
					},
					{
						"name": "CDESCR",
						"type": "nvarchar"
					},
					{
						"name": "CMPL_TYPE",
						"type": "nvarchar"
					},
					{
						"name": "POLICE_RPT_YN",
						"type": "nvarchar"
					},
					{
						"name": "PURCH_DT",
						"type": "nvarchar"
					},
					{
						"name": "ORIG_OWNER_YN",
						"type": "nvarchar"
					},
					{
						"name": "ANTI_BRAKES_YN",
						"type": "nvarchar"
					},
					{
						"name": "CRUISE_CONT_YN",
						"type": "nvarchar"
					},
					{
						"name": "NUM_CYLS",
						"type": "nvarchar"
					},
					{
						"name": "DRIVE_TRAIN",
						"type": "nvarchar"
					},
					{
						"name": "FUEL_SYS",
						"type": "nvarchar"
					},
					{
						"name": "FUEL_TYPE",
						"type": "nvarchar"
					},
					{
						"name": "TRANS_TYPE",
						"type": "nvarchar"
					},
					{
						"name": "VEH_SPEED",
						"type": "nvarchar"
					},
					{
						"name": "DOT",
						"type": "nvarchar"
					},
					{
						"name": "TIRE_SIZE",
						"type": "nvarchar"
					},
					{
						"name": "LOC_OF_TIRE",
						"type": "nvarchar"
					},
					{
						"name": "TIRE_FAIL_TYPE",
						"type": "nvarchar"
					},
					{
						"name": "ORIG_EQUIP_YN",
						"type": "nvarchar"
					},
					{
						"name": "MANUF_DT",
						"type": "nvarchar"
					},
					{
						"name": "SEAT_TYPE",
						"type": "nvarchar"
					},
					{
						"name": "RESTRAINT_TYPE",
						"type": "nvarchar"
					},
					{
						"name": "DEALER_NAME",
						"type": "nvarchar"
					},
					{
						"name": "DEALER_TEL",
						"type": "nvarchar"
					},
					{
						"name": "DEALER_CITY",
						"type": "nvarchar"
					},
					{
						"name": "DEALER_STATE",
						"type": "nvarchar"
					},
					{
						"name": "DEALER_ZIP",
						"type": "nvarchar"
					},
					{
						"name": "PROD_TYPE",
						"type": "nvarchar"
					},
					{
						"name": "REPAIRED_YN",
						"type": "nvarchar"
					},
					{
						"name": "MEDICAL_ATTN",
						"type": "nvarchar"
					},
					{
						"name": "VEHICLES_TOWED_YN",
						"type": "nvarchar"
					}
				],
				"typeProperties": {
					"schema": "dbo",
					"table": "hw3"
				}
			},
			"dependsOn": [
				"[concat(variables('factoryId'), '/linkedServices/AzureSqlDatabase1')]"
			]
		},
		{
			"name": "[concat(parameters('factoryName'), '/CMPL_flat')]",
			"type": "Microsoft.DataFactory/factories/datasets",
			"apiVersion": "2018-06-01",
			"properties": {
				"linkedServiceName": {
					"referenceName": "AzureBlobStorage1",
					"type": "LinkedServiceReference"
				},
				"annotations": [],
				"type": "DelimitedText",
				"typeProperties": {
					"location": {
						"type": "AzureBlobStorageLocation",
						"fileName": "CMPL_flat.txt",
						"container": "ignore-this"
					},
					"columnDelimiter": "\t",
					"compressionCodec": "ZipDeflate",
					"compressionLevel": "Fastest",
					"escapeChar": "\\",
					"nullValue": "0",
					"quoteChar": "\""
				},
				"schema": []
			},
			"dependsOn": [
				"[concat(variables('factoryId'), '/linkedServices/AzureBlobStorage1')]"
			]
		},
		{
			"name": "[concat(parameters('factoryName'), '/CasesAzure')]",
			"type": "Microsoft.DataFactory/factories/datasets",
			"apiVersion": "2018-06-01",
			"properties": {
				"linkedServiceName": {
					"referenceName": "Challenge02LS",
					"type": "LinkedServiceReference"
				},
				"annotations": [],
				"type": "Parquet",
				"typeProperties": {
					"location": {
						"type": "AzureBlobFSLocation",
						"fileName": "dbo.Covid19_Metrics.parquet",
						"fileSystem": "srcazuresqldb"
					},
					"compressionCodec": "snappy"
				},
				"schema": [
					{
						"name": "ID",
						"type": "INT32"
					},
					{
						"name": "Updated",
						"type": "DATE"
					},
					{
						"name": "Confirmed",
						"type": "INT32"
					},
					{
						"name": "Confirmed_Change",
						"type": "INT32"
					},
					{
						"name": "Deaths",
						"type": "INT32"
					},
					{
						"name": "Deaths_Change",
						"type": "INT32"
					},
					{
						"name": "Recovered",
						"type": "INT32"
					},
					{
						"name": "Recovered_Change",
						"type": "INT32"
					},
					{
						"name": "Latitude",
						"type": "DECIMAL",
						"precision": 10,
						"scale": 5
					},
					{
						"name": "Longitude",
						"type": "DECIMAL",
						"precision": 10,
						"scale": 5
					},
					{
						"name": "ISO2",
						"type": "UTF8"
					},
					{
						"name": "ISO3",
						"type": "UTF8"
					},
					{
						"name": "Country_Region",
						"type": "UTF8"
					},
					{
						"name": "load_time",
						"type": "INT96"
					}
				]
			},
			"dependsOn": [
				"[concat(variables('factoryId'), '/linkedServices/Challenge02LS')]"
			]
		},
		{
			"name": "[concat(parameters('factoryName'), '/CosmosDbSqlApiCollection1')]",
			"type": "Microsoft.DataFactory/factories/datasets",
			"apiVersion": "2018-06-01",
			"properties": {
				"linkedServiceName": {
					"referenceName": "CosmosDb1",
					"type": "LinkedServiceReference"
				},
				"annotations": [],
				"type": "CosmosDbSqlApiCollection",
				"schema": {
					"type": "object",
					"properties": {
						"CountryName": {
							"type": "string"
						},
						"CountryCode": {
							"type": "string"
						},
						"RegionName": {
							"type": "null"
						},
						"RegionCode": {
							"type": "null"
						},
						"Jurisdiction": {
							"type": "string"
						},
						"Date": {
							"type": "string"
						},
						"C1_School closing": {
							"type": "integer"
						},
						"C1_Flag": {
							"type": "integer"
						},
						"C2_Workplace closing": {
							"type": "integer"
						},
						"C2_Flag": {
							"type": "integer"
						},
						"C3_Cancel public events": {
							"type": "integer"
						},
						"C3_Flag": {
							"type": "integer"
						},
						"C4_Restrictions on gatherings": {
							"type": "integer"
						},
						"C4_Flag": {
							"type": "integer"
						},
						"C5_Close public transport": {
							"type": "integer"
						},
						"C5_Flag": {
							"type": "integer"
						},
						"C6_Stay at home requirements": {
							"type": "integer"
						},
						"C6_Flag": {
							"type": "integer"
						},
						"C7_Restrictions on internal movement": {
							"type": "integer"
						},
						"C7_Flag": {
							"type": "integer"
						},
						"C8_International travel controls": {
							"type": "integer"
						},
						"E1_Income support": {
							"type": "integer"
						},
						"E1_Flag": {
							"type": "integer"
						},
						"E2_Debt contract relief": {
							"type": "integer"
						},
						"E3_Fiscal measures": {
							"type": "integer"
						},
						"E4_International support": {
							"type": "integer"
						},
						"H1_Public information campaigns": {
							"type": "integer"
						},
						"H1_Flag": {
							"type": "integer"
						},
						"H2_Testing policy": {
							"type": "integer"
						},
						"H3_Contact tracing": {
							"type": "integer"
						},
						"H4_Emergency investment in healthcare": {
							"type": "integer"
						},
						"H5_Investment in vaccines": {
							"type": "integer"
						},
						"H6_Facial Coverings": {
							"type": "integer"
						},
						"H6_Flag": {
							"type": "integer"
						},
						"H7_Vaccination policy": {
							"type": "integer"
						},
						"H7_Flag": {
							"type": "integer"
						},
						"H8_Protection of elderly people": {
							"type": "integer"
						},
						"H8_Flag": {
							"type": "integer"
						},
						"M1_Wildcard": {
							"type": "integer"
						},
						"StringencyIndex": {
							"type": "integer"
						},
						"StringencyIndexForDisplay": {
							"type": "integer"
						},
						"StringencyLegacyIndex": {
							"type": "integer"
						},
						"StringencyLegacyIndexForDisplay": {
							"type": "integer"
						},
						"GovernmentResponseIndex": {
							"type": "integer"
						},
						"GovernmentResponseIndexForDisplay": {
							"type": "integer"
						},
						"ContainmentHealthIndex": {
							"type": "integer"
						},
						"ContainmentHealthIndexForDisplay": {
							"type": "integer"
						},
						"EconomicSupportIndex": {
							"type": "integer"
						},
						"EconomicSupportIndexForDisplay": {
							"type": "integer"
						}
					}
				},
				"typeProperties": {
					"collectionName": "covidpolicy"
				}
			},
			"dependsOn": [
				"[concat(variables('factoryId'), '/linkedServices/CosmosDb1')]"
			]
		},
		{
			"name": "[concat(parameters('factoryName'), '/DeathspaquetC2ASQL')]",
			"type": "Microsoft.DataFactory/factories/datasets",
			"apiVersion": "2018-06-01",
			"properties": {
				"linkedServiceName": {
					"referenceName": "AzureDataLakeStorage2",
					"type": "LinkedServiceReference"
				},
				"annotations": [],
				"type": "Parquet",
				"typeProperties": {
					"location": {
						"type": "AzureBlobFSLocation",
						"fileName": "dbo.Covid19_Metrics.parquet",
						"fileSystem": "srcazuresqldb"
					},
					"compressionCodec": "snappy"
				},
				"schema": [
					{
						"name": "ID",
						"type": "INT32"
					},
					{
						"name": "Updated",
						"type": "DATE"
					},
					{
						"name": "Confirmed",
						"type": "INT32"
					},
					{
						"name": "Confirmed_Change",
						"type": "INT32"
					},
					{
						"name": "Deaths",
						"type": "INT32"
					},
					{
						"name": "Deaths_Change",
						"type": "INT32"
					},
					{
						"name": "Recovered",
						"type": "INT32"
					},
					{
						"name": "Recovered_Change",
						"type": "INT32"
					},
					{
						"name": "Latitude",
						"type": "DECIMAL",
						"precision": 10,
						"scale": 5
					},
					{
						"name": "Longitude",
						"type": "DECIMAL",
						"precision": 10,
						"scale": 5
					},
					{
						"name": "ISO2",
						"type": "UTF8"
					},
					{
						"name": "ISO3",
						"type": "UTF8"
					},
					{
						"name": "Country_Region",
						"type": "UTF8"
					},
					{
						"name": "load_time",
						"type": "INT96"
					}
				]
			},
			"dependsOn": [
				"[concat(variables('factoryId'), '/linkedServices/AzureDataLakeStorage2')]"
			]
		},
		{
			"name": "[concat(parameters('factoryName'), '/DestinationDataset_svz')]",
			"type": "Microsoft.DataFactory/factories/datasets",
			"apiVersion": "2018-06-01",
			"properties": {
				"linkedServiceName": {
					"referenceName": "AzureSqlDatabase1",
					"type": "LinkedServiceReference"
				},
				"annotations": [],
				"type": "AzureSqlTable",
				"schema": [],
				"typeProperties": {
					"table": "FLAT_CMPL"
				}
			},
			"dependsOn": [
				"[concat(variables('factoryId'), '/linkedServices/AzureSqlDatabase1')]"
			]
		},
		{
			"name": "[concat(parameters('factoryName'), '/Json1')]",
			"type": "Microsoft.DataFactory/factories/datasets",
			"apiVersion": "2018-06-01",
			"properties": {
				"linkedServiceName": {
					"referenceName": "AzureBlobStorage1",
					"type": "LinkedServiceReference"
				},
				"annotations": [],
				"type": "Json",
				"typeProperties": {
					"location": {
						"type": "AzureBlobStorageLocation",
						"container": "srccosmos"
					}
				},
				"schema": {}
			},
			"dependsOn": [
				"[concat(variables('factoryId'), '/linkedServices/AzureBlobStorage1')]"
			]
		}
	]
}